t,dt,accepted,err_est,y_norm_ratio,step_ratio
0.0000000000000000e+00,1.0000000000000000e-02,0,2.6749785397188180e-06,1.0000000000000000e+00,9.8785109904016954e-01
3.0093248774920112e-03,3.0093248774920112e-03,1,7.5651744426453990e-08,9.9629571445975851e-01,9.9629571445975851e-01
5.9817113027735395e-03,2.9723864252815288e-03,1,7.2610769493342015e-08,9.9267827625000438e-01,9.9636911194412225e-01
8.9580391354137246e-03,2.9763278326401855e-03,1,7.2598848418319151e-08,9.8909591414068121e-01,9.9639121536651720e-01
1.1938476717885890e-02,2.9804375824721641e-03,1,7.2598529447456536e-08,9.8554729756125325e-01,9.9641226242198067e-01
1.4923034095980678e-02,2.9845573780947886e-03,1,7.2598258048764834e-08,9.8203132024352824e-01,9.9643246211883962e-01
1.7911720688660683e-02,2.9886865926800066e-03,1,7.2597987998367525e-08,9.7854690662349209e-01,9.9645183045773722e-01
2.0904545919704292e-02,2.9928252310436076e-03,1,7.2597720373837213e-08,9.7509301049106145e-01,9.9647038265712939e-01
2.3901519202842354e-02,2.9969732831380616e-03,1,7.2597454350616984e-08,9.7166861442608188e-01,9.9648813392349622e-01
2.6902649953002351e-02,3.0011307501599986e-03,1,7.2597189683602766e-08,9.6827272920908614e-01,9.9650509940675458e-01
2.9907947589634915e-02,3.0052976366325640e-03,1,7.2596926087126148e-08,9.6490439324704458e-01,9.9652129419694280e-01
3.2917421540623923e-02,3.0094739509890075e-03,1,7.2596664780148430e-08,9.6156267200426404e-01,9.9653673331143711e-01
3.5931081225403484e-02,3.0136596847795596e-03,1,7.2596403411428681e-08,9.5824665746209570e-01,9.9655143170724747e-01
3.8948936087428485e-02,3.0178548620249973e-03,1,7.2596144021274400e-08,9.5495546753002514e-01,9.9656540421357975e-01
4.1970995565934095e-02,3.0220594785056133e-03,1,7.2595884943077285e-08,9.5168824553014808e-01,9.9657866559125763e-01
4.4997269119007276e-02,3.0262735530731818e-03,1,7.2595626616199863e-08,9.4844415963157447e-01,9.9659123046458731e-01
4.8027766217514999e-02,3.0304970985077237e-03,1,7.2595369256059659e-08,9.4522240232340160e-01,9.9660311334572993e-01
5.1062496342110339e-02,3.0347301245953373e-03,1,7.2595112182899168e-08,9.4202218989069564e-01,9.9661432862272448e-01
5.4101468992708644e-02,3.0389726505983053e-03,1,7.2594855399715046e-08,9.3884276188404103e-01,9.9662489053785075e-01
5.7144693688489512e-02,3.0432246957808645e-03,1,7.2594599216096062e-08,9.3568338060616540e-01,9.9663481319115088e-01
6.0192179963608303e-02,3.0474862751187939e-03,1,7.2594343052732706e-08,9.3254333060988037e-01,9.9664411053849145e-01
6.3243937375333362e-02,3.0517574117250538e-03,1,7.2594086838544607e-08,9.2942191819016529e-01,9.9665279637175286e-01
6.6299975505108397e-02,3.0560381297750293e-03,1,7.2593830814518450e-08,9.2631847089086028e-01,9.9666088432113986e-01
6.9360303955236888e-02,3.0603284501284854e-03,1,7.2593574446954495e-08,9.2323233702295548e-01,9.9666838785484135e-01
7.2424932356444288e-02,3.0646284012074061e-03,1,7.2593318177162813e-08,9.2016288517909062e-01,9.9667532026254346e-01
7.5493870361753562e-02,3.0689380053092689e-03,1,7.2593061403935034e-08,9.1710950376920153e-01,9.9668169466616252e-01
7.8567127655028920e-02,3.0732572932753647e-03,1,7.2592803978343707e-08,9.1407160054877401e-01,9.9668752400019622e-01
8.1644713953188244e-02,3.0775862981593264e-03,1,7.2592546616505203e-08,9.1104860216096240e-01,9.9669282101533763e-01
8.4726638996188819e-02,3.0819250430005785e-03,1,7.2592288415635062e-08,9.0803995369803903e-01,9.9669759828862359e-01
8.7812912559884632e-02,3.0862735636958171e-03,1,7.2592029480791047e-08,9.0504511824773859e-01,9.9670186819632356e-01
9.0903544454671262e-02,3.0906318947866254e-03,1,7.2591769812886483e-08,9.0206357646110635e-01,9.9670564292705666e-01
9.3998544525600858e-02,3.0950000709296000e-03,1,7.2591509362529610e-08,8.9909482612626734e-01,9.9670893447833719e-01
9.7097922653213597e-02,3.0993781276127449e-03,1,7.2591248113795678e-08,8.9613838174889981e-01,9.9671175465428341e-01
1.0020168875389762e-01,3.1037661006840284e-03,1,7.2590985651352828e-08,8.9319377414053824e-01,9.9671411506489116e-01
1.0330985278595173e-01,3.1081640320541068e-03,1,7.2590722495384468e-08,8.9026055000886217e-01,9.9671602711908891e-01
1.0642242474231962e-01,3.1125719563679026e-03,1,7.2590458026594370e-08,8.8733827156796696e-01,9.9671750203817744e-01
1.0953941465958165e-01,3.1169899172620269e-03,1,7.2590192465958845e-08,8.8442651614055567e-01,9.9671855083826588e-01
1.1266083261496601e-01,3.1214179553843602e-03,1,7.2589925678696302e-08,8.8152487577874461e-01,9.9671918434278373e-01
1.1578668872844486e-01,3.1258561134788468e-03,1,7.2589657621450488e-08,8.7863295688729737e-01,9.9671941317720336e-01
1.1891699316353070e-01,3.1303044350858397e-03,1,7.2589388023908902e-08,8.7575037985526294e-01,9.9671924777071141e-01
1.2205175613134507e-01,3.1347629678143761e-03,1,7.2589117435800255e-08,8.7287677869175362e-01,9.9671869835330895e-01
1.2519098788289454e-01,3.1392317515494669e-03,1,7.2588844905488404e-08,8.7001180067960626e-01,9.9671777496883207e-01
1.2833469872296488e-01,3.1437108400703393e-03,1,7.2588571278873086e-08,8.6715510601624690e-01,9.9671648745324148e-01
1.3148289899812765e-01,3.1482002751627818e-03,1,7.2588295870268979e-08,8.6430636748518874e-01,9.9671484546271616e-01
1.3463559910683395e-01,3.1527001087063148e-03,1,7.2588018881255077e-08,8.6146527011424723e-01,9.9671285845179181e-01
1.3779280949671624e-01,3.1572103898822833e-03,1,7.2587740260819759e-08,8.5863151085223133e-01,9.9671053568806078e-01
1.4095454066553761e-01,3.1617311688213840e-03,1,7.2587459948487428e-08,8.5580479824903610e-01,9.9670788624984230e-01
1.4412080316228520e-01,3.1662624967475983e-03,1,7.2587177855534425e-08,8.5298485214227204e-01,9.9670491902764080e-01
1.4729160758868209e-01,3.1708044263968754e-03,1,7.2586894095506193e-08,8.5017140335010488e-01,9.9670164272542339e-01
1.5046696459776013e-01,3.1753570090780432e-03,1,7.2586608370220467e-08,8.4736419337321012e-01,9.9669806586550314e-01
1.5364688489843456e-01,3.1799203006744239e-03,1,7.2586320766267570e-08,8.4456297409781511e-01,9.9669419678421411e-01
1.5683137925448395e-01,3.1844943560494056e-03,1,7.2586031252357670e-08,8.4176750751005591e-01,9.9669004363973523e-01
1.6002045848524887e-01,3.1890792307649094e-03,1,7.2585740081670317e-08,8.3897756541503876e-01,9.9668561441238113e-01
1.6321413346216268e-01,3.1936749769138047e-03,1,7.2585446684867048e-08,8.3619292916569188e-01,9.9668091691108651e-01
1.6641241511733765e-01,3.1982816551749745e-03,1,7.2585151268190817e-08,8.3341338938715392e-01,9.9667595876311554e-01
1.6961531444080477e-01,3.2028993234671298e-03,1,7.2584853976505567e-08,8.3063874571709218e-01,9.9667074742811357e-01
1.7282284247863713e-01,3.2075280378323547e-03,1,7.2584554403173371e-08,8.2786880655108697e-01,9.9666529019951522e-01
1.7603501033919450e-01,3.2121678605573625e-03,1,7.2584253058115104e-08,8.2510338878679612e-01,9.9665959419849182e-01
1.7925182918587262e-01,3.2168188466781193e-03,1,7.2583949328588165e-08,8.2234231758547782e-01,9.9665366639036834e-01
1.8247331024640820e-01,3.2214810605355822e-03,1,7.2583643603529569e-08,8.1958542612486118e-01,9.9664751356988257e-01
1.8569946480741034e-01,3.2261545610021286e-03,1,7.2583335812764436e-08,8.1683255537025867e-01,9.9664114237899692e-01
1.8893030421566351e-01,3.2308394082531705e-03,1,7.2583025711271890e-08,8.1408355384526165e-01,9.9663455930236411e-01
1.9216583988203761e-01,3.2355356663741185e-03,1,7.2582713313280813e-08,8.1133827740557962e-01,9.9662777066713248e-01
1.9540608328156811e-01,3.2402433995305032e-03,1,7.2582398589192289e-08,8.0859658902140152e-01,9.9662078264944542e-01
1.9865104595418920e-01,3.2449626726210956e-03,1,7.2582082010166355e-08,8.0585835856435561e-01,9.9661360127630527e-01
2.0190073949799842e-01,3.2496935438092291e-03,1,7.2581762920149709e-08,8.0312346260580403e-01,9.9660623243590374e-01
2.0515517557931875e-01,3.2544360813203275e-03,1,7.2581441499931384e-08,8.0039178420593016e-01,9.9659868186267309e-01
2.0841436593030793e-01,3.2591903509891864e-03,1,7.2581117985149724e-08,7.9766321271823770e-01,9.9659095515279505e-01
2.1167832234572756e-01,3.2639564154196350e-03,1,7.2580791881685915e-08,7.9493764359949959e-01,9.9658305776763834e-01
2.1494705669064285e-01,3.2687343449152801e-03,1,7.2580463757668792e-08,7.9221497821526032e-01,9.9657499502487901e-01
2.1822058089220847e-01,3.2735242015656308e-03,1,7.2580132929685768e-08,7.8949512366323937e-01,9.9656677211765377e-01
2.2149890695023688e-01,3.2783260580284226e-03,1,7.2579799995841672e-08,7.8677799258559233e-01,9.9655839409743330e-01
2.2478204692852058e-01,3.2831399782837049e-03,1,7.2579464983608784e-08,7.8406350300161998e-01,9.9654986589666583e-01
2.2807001295470669e-01,3.2879660261860987e-03,1,7.2579126654094973e-08,7.8135157813766087e-01,9.9654119232233473e-01
2.3136281723932095e-01,3.2928042846142708e-03,1,7.2578787012873285e-08,7.7864214624548811e-01,9.9653237803828254e-01
2.3466047204579377e-01,3.2976548064728179e-03,1,7.2578444238489471e-08,7.7593514046527223e-01,9.9652342761913315e-01
2.3796298971831048e-01,3.3025176725167086e-03,1,7.2578099224144272e-08,7.7323049864496740e-01,9.9651434549196605e-01
2.4127038266863160e-01,3.3073929503211158e-03,1,7.2577752128758276e-08,7.7052816319750062e-01,9.9650513598182899e-01
2.4458266337398496e-01,3.3122807053533494e-03,1,7.2577402061891339e-08,7.6782808095270683e-01,9.9649580330251764e-01
2.4789984439092871e-01,3.3171810169437535e-03,1,7.2577050046346200e-08,7.6513020300008783e-01,9.9648635154203857e-01
2.5122193834012491e-01,3.3220939491961717e-03,1,7.2576695397126058e-08,7.6243448455906560e-01,9.9647678469566048e-01
2.5454895791709498e-01,3.3270195769700603e-03,1,7.2576338223945899e-08,7.5974088483171065e-01,9.9646710664075910e-01
2.5788091589089324e-01,3.3319579737982521e-03,1,7.2575978655822063e-08,7.5704936686894009e-01,9.9645732115184671e-01
2.6121782510247382e-01,3.3369092115805746e-03,1,7.2575616516701583e-08,7.5435989744045195e-01,9.9644743190313800e-01
2.6455969846772731e-01,3.3418733652534937e-03,1,7.2575252148200432e-08,7.5167244690433099e-01,9.9643744246580512e-01
2.6790654897258187e-01,3.3468505048545858e-03,1,7.2574885275722479e-08,7.4898698908641026e-01,9.9642735631859269e-01
2.7125838967755361e-01,3.3518407049717355e-03,1,7.2574515599614412e-08,7.4630350115531063e-01,9.9641717683991704e-01
2.7461523372271646e-01,3.3568440451628655e-03,1,7.2574143765964894e-08,7.4362196350040721e-01,9.9640690730948978e-01
2.7797709431810569e-01,3.3618605953892535e-03,1,7.2573769563110873e-08,7.4094235962459032e-01,9.9639655092595247e-01
2.8134398474731298e-01,3.3668904292073016e-03,1,7.2573392642402297e-08,7.3826467602952106e-01,9.9638611079487216e-01
2.8471591837322946e-01,3.3719336259164560e-03,1,7.2573013126021157e-08,7.3558890210222083e-01,9.9637558992841058e-01
2.8809290863652820e-01,3.3769902632987412e-03,1,7.2572631459638825e-08,7.3291503001040248e-01,9.9636499125506550e-01
2.9147496904910969e-01,3.3820604125814999e-03,1,7.2572247011368657e-08,7.3024305460462824e-01,9.9635431762705651e-01
2.9486211320426114e-01,3.3871441551514715e-03,1,7.2571860508064700e-08,7.2757297331004023e-01,9.9634357180427591e-01
2.9825435476572132e-01,3.3922415614601525e-03,1,7.2571470936974220e-08,7.2490478603751052e-01,9.9633275647885733e-01
3.0165170748380771e-01,3.3973527180863709e-03,1,7.2571079094973308e-08,7.2223849507613291e-01,9.9632187424785523e-01
3.0505418518338395e-01,3.4024776995762672e-03,1,7.2570685150480913e-08,7.1957410501052843e-01,9.9631092764541218e-01
3.0846180176157195e-01,3.4076165781879893e-03,1,7.2570288133551281e-08,7.1691162263296349e-01,9.9629991913407434e-01
3.1187457120329026e-01,3.4127694417183043e-03,1,7.2569888825777845e-08,7.1425105684406109e-01,9.9628885108720777e-01
3.1529250756941185e-01,3.4179363661215613e-03,1,7.2569487203252318e-08,7.1159241857737721e-01,9.9627772582034235e-01
3.1871562499749601e-01,3.4231174280841422e-03,1,7.2569082930062822e-08,7.0893572071647915e-01,9.9626654557926664e-01
3.2214393770743854e-01,3.4283127099425464e-03,1,7.2568676280342331e-08,7.0628097801054968e-01,9.9625531253630939e-01
3.2557745999754306e-01,3.4335222901044917e-03,1,7.2568267066381318e-08,7.0362820699970285e-01,9.9624402880236240e-01
3.2901620624785627e-01,3.4387462503132050e-03,1,7.2567855393008936e-08,7.0097742593687629e-01,9.9623269642055767e-01
3.3246019091890061e-01,3.4439846710443301e-03,1,7.2567441135801989e-08,6.9832865471544814e-01,9.9622131737282704e-01
3.3590942855402833e-01,3.4492376351277212e-03,1,7.2567024408558254e-08,6.9568191479616770e-01,9.9620989357746048e-01
3.3936393377801294e-01,3.4545052239846109e-03,1,7.2566605417577251e-08,6.9303722913904220e-01,9.9619842689471039e-01
3.4282372129415889e-01,3.4597875161459734e-03,1,7.2566183865506436e-08,6.9039462213833980e-01,9.9618691912989243e-01
3.4628880588940503e-01,3.4650845952461568e-03,1,7.2565759577520764e-08,6.8775411955343235e-01,9.9617537202603179e-01
3.4975920243751313e-01,3.4703965481081194e-03,1,7.2565333094796796e-08,6.8511574844304934e-01,9.9616378726732147e-01
3.5323492589084871e-01,3.4757234533355588e-03,1,7.2564904008075292e-08,6.8247953711006659e-01,9.9615216649307281e-01
3.5671599128729553e-01,3.4810653964468027e-03,1,7.2564472478736582e-08,6.7984551503658419e-01,9.9614051128238068e-01
3.6020241374808398e-01,3.4864224607884641e-03,1,7.2564038428114532e-08,6.7721371282769327e-01,9.9612882316543738e-01
3.6369420847945222e-01,3.4917947313682389e-03,1,7.2563601945986085e-08,6.7458416215405970e-01,9.9611710362057793e-01
3.6719139077161317e-01,3.4971822921609553e-03,1,7.2563163076473266e-08,6.7195689569823081e-01,9.9610535407851919e-01
3.7069397599844756e-01,3.5025852268343659e-03,1,7.2562721512042355e-08,6.6933194710202248e-01,9.9609357592278192e-01
3.7420197962286039e-01,3.5080036244128422e-03,1,7.2562277754739335e-08,6.6670935091127048e-01,9.9608177048457502e-01
3.7771541718911206e-01,3.5134375662516904e-03,1,7.2561831255409875e-08,6.6408914253189999e-01,9.9606993905846808e-01
3.8123430433208139e-01,3.5188871429693348e-03,1,7.2561382655262868e-08,6.6147135817484559e-01,9.9605808288466546e-01
3.8475865676732784e-01,3.5243524352464562e-03,1,7.2560931349087885e-08,6.5885603481678845e-01,9.9604620317155756e-01
3.8828849030128681e-01,3.5298335339589465e-03,1,7.2560477504729575e-08,6.5624321014733045e-01,9.9603430107430901e-01
3.9182382082898848e-01,3.5353305277016859e-03,1,7.2560021445968888e-08,6.5363292252689253e-01,9.9602237770985569e-01
3.9536466432922185e-01,3.5408435002333627e-03,1,7.2559562814118817e-08,6.5102521094783450e-01,9.9601043416084856e-01
3.9891103687077822e-01,3.5463725415563786e-03,1,7.2559101702613463e-08,6.4842011498872243e-01,9.9599847146423204e-01
4.0246295461136583e-01,3.5519177405875812e-03,1,7.2558638119677198e-08,6.4581767477532770e-01,9.9598649062045230e-01
4.0602043379790731e-01,3.5574791865414777e-03,1,7.2558172180911251e-08,6.4321793094187263e-01,9.9597449259288307e-01
4.0958349076508144e-01,3.5630569671741101e-03,1,7.2557703715850137e-08,6.4062092459478492e-01,9.9596247831075724e-01
4.1315214193854211e-01,3.5686511734606468e-03,1,7.2557232773242203e-08,6.3802669727424322e-01,9.9595044866481264e-01
4.1672640383456244e-01,3.5742618960203426e-03,1,7.2556759649416632e-08,6.3543529091951267e-01,9.9593840451222260e-01
4.2030629305560352e-01,3.5798892210410506e-03,1,7.2556283834957843e-08,6.3284674783836281e-01,9.9592634668212388e-01
4.2389182629911937e-01,3.5855332435158717e-03,1,7.2555805580665357e-08,6.3026111066800250e-01,9.9591427596145177e-01
4.2748302035388897e-01,3.5911940547695993e-03,1,7.2555324949797473e-08,6.2767842234616100e-01,9.9590219310992523e-01
4.3107989209941677e-01,3.5968717455277977e-03,1,7.2554841921580035e-08,6.2509872608097450e-01,9.9589009885739899e-01
4.3468245850671877e-01,3.6025664073019827e-03,1,7.2554356409560782e-08,6.2252206532090082e-01,9.9587799390309462e-01
4.3829073664020252e-01,3.6082781334837491e-03,1,7.2553868418339898e-08,6.1994848372485722e-01,9.9586587891512413e-01
4.4190474365804955e-01,3.6140070178470344e-03,1,7.2553378100619622e-08,6.1737802513441387e-01,9.9585375453295866e-01
4.4552449681013684e-01,3.6197531520872788e-03,1,7.2552885236644311e-08,6.1481073354867866e-01,9.9584162137099674e-01
4.4915001344214472e-01,3.6255166320078975e-03,1,7.2552390036740225e-08,6.1224665309570259e-01,9.9582948001220439e-01
4.5278131099252167e-01,3.6312975503769284e-03,1,7.2551892435772066e-08,6.0968582800986160e-01,9.9581733101701309e-01
4.5641840699402653e-01,3.6370960015048356e-03,1,7.2551392329526539e-08,6.0712830260685258e-01,9.9580517491876541e-01
4.6006131907593656e-01,3.6429120819100060e-03,1,7.2550889663918658e-08,6.0457412125908883e-01,9.9579301222361616e-01
4.6371006496543177e-01,3.6487458894951968e-03,1,7.2550384932558844e-08,6.0202332837252037e-01,9.9578084341212592e-01
4.6736466247979308e-01,3.6545975143613251e-03,1,7.2549877376892010e-08,5.9947596837066230e-01,9.9576866895051308e-01
4.7102512953959585e-01,3.6604670598027610e-03,1,7.2549367642748815e-08,5.9693208566473632e-01,9.9575648926705085e-01
4.7469148415835138e-01,3.6663546187555070e-03,1,7.2548855392956332e-08,5.9439172464102918e-01,9.9574430477986742e-01
4.7836374444864971e-01,3.6722602902983059e-03,1,7.2548340857041976e-08,5.9185492963747133e-01,9.9573211587848087e-01
4.8204192861877393e-01,3.6781841701241961e-03,1,7.2547823547905633e-08,5.8932174492756584e-01,9.9571992293541067e-01
4.8572605498141663e-01,3.6841263626426822e-03,1,7.2547304185168985e-08,5.8679221469666620e-01,9.9570772629268833e-01
4.8941614194200633e-01,3.6900869605897097e-03,1,7.2546782160352255e-08,5.8426638303298384e-01,9.9569552628610092e-01
4.9311220800949251e-01,3.6960660674861564e-03,1,7.2546257968205748e-08,5.8174429390379789e-01,9.9568332321963571e-01
4.9681427178845106e-01,3.7020637789585619e-03,1,7.2545731007008970e-08,5.7922599114512974e-01,9.9567111738772884e-01
5.0000000000000000e-01,3.1857282115489438e-03,1,4.6131450288739677e-08,5.7706524745787435e-01,9.9626960164031397e-01
